name,label
JiminHan/00000000.jpg,JiminHan
JiminHan/00000001.jpg,JiminHan
JiminHan/00000003.jpg,JiminHan
JiminHan/00000002.jpg,JiminHan
JiminHan/00000006.jpg,JiminHan
JiminHan/00000004.jpg,JiminHan
JiminHan/00000005.jpg,JiminHan
JiminHan/00000007.jpg,JiminHan
JiminHan/00000008.jpg,JiminHan
JiminHan/00000009.jpg,JiminHan
JiminHan/00000011.jpg,JiminHan
JiminHan/00000012.jpg,JiminHan
JiminHan/00000013.jpg,JiminHan
JiminHan/00000015.jpg,JiminHan
JiminHan/00000014.jpg,JiminHan
JiminHan/00000016.jpg,JiminHan
JiminHan/00000017.jpg,JiminHan
JiminHan/00000019.jpg,JiminHan
JiminHan/00000018.jpg,JiminHan
JiminHan/00000023.jpg,JiminHan
JiminHan/00000020.jpg,JiminHan
JiminHan/00000021.jpg,JiminHan
JiminHan/00000022.jpg,JiminHan
JiminHan/00000025.jpg,JiminHan
JiminHan/00000024.jpg,JiminHan
JiminHan/00000026.jpg,JiminHan
JiminHan/00000027.jpg,JiminHan
JiminHan/00000028.jpg,JiminHan
JiminHan/00000029.jpg,JiminHan
JiminHan/00000030.jpg,JiminHan
JiminHan/00000031.jpg,JiminHan
JiminHan/00000032.jpg,JiminHan
JiminHan/00000033.jpg,JiminHan
JiminHan/00000034.jpg,JiminHan
JiminHan/00000036.jpg,JiminHan
JiminHan/00000037.jpg,JiminHan
JiminHan/00000038.jpg,JiminHan
JiminHan/00000035.jpg,JiminHan
JiminHan/00000039.jpg,JiminHan
JiminHan/00000040.jpg,JiminHan
JiminHan/00000042.jpg,JiminHan
JiminHan/00000041.jpg,JiminHan
JiminHan/00000043.jpg,JiminHan
JiminHan/00000044.jpg,JiminHan
JiminHan/00000046.jpg,JiminHan
JiminHan/00000048.jpg,JiminHan
JiminHan/00000047.jpg,JiminHan
JiminHan/00000045.jpg,JiminHan
JiminHan/00000049.jpg,JiminHan
JiminHan/00000050.jpg,JiminHan
JiminHan/00000051.jpg,JiminHan
JiminHan/00000052.jpg,JiminHan
JiminHan/00000053.jpg,JiminHan
JiminHan/00000055.jpg,JiminHan
JiminHan/00000056.jpg,JiminHan
JiminHan/00000054.jpg,JiminHan
JiminHan/00000057.jpg,JiminHan
JiminHan/00000059.jpg,JiminHan
JiminHan/00000058.jpg,JiminHan
JiminHan/00000062.jpg,JiminHan
JiminHan/00000060.jpg,JiminHan
JiminHan/00000061.jpg,JiminHan
JiminHan/00000065.jpg,JiminHan
JiminHan/00000066.jpg,JiminHan
JiminHan/00000063.jpg,JiminHan
JiminHan/00000064.jpg,JiminHan
JiminHan/00000067.jpg,JiminHan
JiminHan/00000069.jpg,JiminHan
JiminHan/00000073.jpg,JiminHan
JiminHan/00000075.jpg,JiminHan
JiminHan/00000068.jpg,JiminHan
JiminHan/00000070.jpg,JiminHan
JiminHan/00000072.jpg,JiminHan
JiminHan/00000071.jpg,JiminHan
JiminHan/00000074.jpg,JiminHan
JiminHan/00000078.jpg,JiminHan
JiminHan/00000076.jpg,JiminHan
JiminHan/00000079.jpg,JiminHan
JiminHan/00000080.jpg,JiminHan
JiminHan/00000081.jpg,JiminHan
JiminHan/00000082.jpg,JiminHan
JiminHan/00000083.jpg,JiminHan
JiminHan/00000084.jpg,JiminHan
JiminHan/00000086.jpg,JiminHan
JiminHan/00000087.jpg,JiminHan
JiminHan/00000089.jpg,JiminHan
JiminHan/00000088.jpg,JiminHan
JiminHan/00000091.jpg,JiminHan
JiminHan/00000090.jpg,JiminHan
JiminHan/00000092.jpg,JiminHan
JiminHan/00000093.jpg,JiminHan
JiminHan/00000095.jpg,JiminHan
JiminHan/00000094.jpg,JiminHan
JiminHan/00000096.jpg,JiminHan
JiminHan/00000097.jpg,JiminHan
JiminHan/00000098.jpg,JiminHan
JiminHan/00000099.jpg,JiminHan
JiminHan/00000102.jpg,JiminHan
JiminHan/00000100.jpg,JiminHan
JiminHan/00000101.jpg,JiminHan
JiminHan/00000103.jpg,JiminHan
JiminHan/00000104.jpg,JiminHan
JiminHan/00000105.jpg,JiminHan
JiminHan/00000106.jpg,JiminHan
JiminHan/00000109.jpg,JiminHan
JiminHan/00000110.jpg,JiminHan
JiminHan/00000107.jpg,JiminHan
JiminHan/00000108.jpg,JiminHan
JiminHan/00000111.jpg,JiminHan
JiminHan/00000112.jpg,JiminHan
JiminHan/00000113.jpg,JiminHan
JiminHan/00000114.jpg,JiminHan
JiminHan/00000117.jpg,JiminHan
JiminHan/00000118.jpg,JiminHan
JiminHan/00000115.jpg,JiminHan
JiminHan/00000116.jpg,JiminHan
JiminHan/00000120.jpg,JiminHan
JiminHan/00000119.jpg,JiminHan
JiminHan/00000121.jpg,JiminHan
JiminHan/00000122.jpg,JiminHan
JiminHan/00000123.jpg,JiminHan
JiminHan/00000124.jpg,JiminHan
JiminHan/00000125.jpg,JiminHan
JiminHan/00000126.jpg,JiminHan
JiminHan/00000128.jpg,JiminHan
JiminHan/00000127.jpg,JiminHan
JiminHan/00000129.jpg,JiminHan
JiminHan/00000130.jpg,JiminHan
JiminHan/00000131.jpg,JiminHan
JiminHan/00000132.jpg,JiminHan
JiminHan/00000133.jpg,JiminHan
JiminHan/00000135.jpg,JiminHan
JiminHan/00000134.jpg,JiminHan
JiminHan/00000136.jpg,JiminHan
JiminHan/00000138.jpg,JiminHan
JiminHan/00000137.jpg,JiminHan
JiminHan/00000139.jpg,JiminHan
JiminHan/00000140.jpg,JiminHan
JiminHan/00000141.jpg,JiminHan
JiminHan/00000142.jpg,JiminHan
JiminHan/00000143.jpg,JiminHan
JiminHan/00000147.jpg,JiminHan
JiminHan/00000148.jpg,JiminHan
JiminHan/00000146.jpg,JiminHan
JiminHan/00000145.jpg,JiminHan
JiminHan/00000149.jpg,JiminHan
JiminHan/00000150.jpg,JiminHan
JiminHan/00000152.jpg,JiminHan
JiminHan/00000151.jpg,JiminHan
JiminHan/00000153.jpg,JiminHan
JiminHan/00000155.jpg,JiminHan
JiminHan/00000154.jpg,JiminHan
JiminHan/00000156.jpg,JiminHan
JiminHan/00000157.jpg,JiminHan
JiminHan/00000158.jpg,JiminHan
JiminHan/00000160.jpg,JiminHan
JiminHan/00000159.jpg,JiminHan
JiminHan/00000161.jpg,JiminHan
JiminHan/00000162.jpg,JiminHan
JiminHan/00000163.jpg,JiminHan
JiminHan/00000164.jpg,JiminHan
JiminHan/00000165.jpg,JiminHan
JiminHan/00000166.jpg,JiminHan
JiminHan/00000167.jpg,JiminHan
JiminHan/00000168.jpg,JiminHan
JiminHan/00000169.jpg,JiminHan
JiminHan/00000170.jpg,JiminHan
JiminHan/00000172.jpg,JiminHan
JiminHan/00000171.jpg,JiminHan
JiminHan/00000173.jpg,JiminHan
JiminHan/00000174.jpg,JiminHan
JiminHan/00000175.jpg,JiminHan
JiminHan/00000176.jpg,JiminHan
JiminHan/00000177.jpg,JiminHan
JiminHan/00000178.jpg,JiminHan
JiminHan/00000179.jpg,JiminHan
JiminHan/00000181.jpg,JiminHan
JiminHan/00000180.jpg,JiminHan
JiminHan/00000183.jpg,JiminHan
JiminHan/00000182.jpg,JiminHan
JiminHan/00000184.jpg,JiminHan
JiminHan/00000186.jpg,JiminHan
JiminHan/00000185.jpg,JiminHan
JiminHan/00000188.jpg,JiminHan
JiminHan/00000189.jpg,JiminHan
JiminHan/00000187.jpg,JiminHan
JiminHan/00000190.jpg,JiminHan
JiminHan/00000191.jpg,JiminHan
JiminHan/00000193.jpg,JiminHan
JiminHan/00000192.jpg,JiminHan
JiminHan/00000194.jpg,JiminHan
JiminHan/00000195.jpg,JiminHan
JiminHan/00000196.jpg,JiminHan
JiminHan/00000197.jpg,JiminHan
JiminHan/00000199.jpg,JiminHan
JiminHan/00000198.jpg,JiminHan
IU/00000000.jpg,IU
IU/00000003.jpg,IU
IU/00000004.jpg,IU
IU/00000001.jpg,IU
IU/00000007.jpg,IU
IU/00000002.jpg,IU
IU/00000005.jpg,IU
IU/00000006.jpg,IU
IU/00000008.jpg,IU
IU/00000012.jpg,IU
IU/00000011.jpg,IU
IU/00000013.jpg,IU
IU/00000009.jpg,IU
IU/00000010.jpg,IU
IU/00000014.jpg,IU
IU/00000015.jpg,IU
IU/00000016.jpg,IU
IU/00000018.jpg,IU
IU/00000017.jpg,IU
IU/00000020.jpg,IU
IU/00000021.jpg,IU
IU/00000019.jpg,IU
IU/00000022.jpg,IU
IU/00000023.jpg,IU
IU/00000026.jpg,IU
IU/00000024.jpg,IU
IU/00000025.jpg,IU
IU/00000027.jpg,IU
IU/00000029.jpg,IU
IU/00000030.jpg,IU
IU/00000031.jpg,IU
IU/00000033.jpg,IU
IU/00000032.jpg,IU
IU/00000034.jpg,IU
IU/00000036.jpg,IU
IU/00000035.jpg,IU
IU/00000038.jpg,IU
IU/00000037.jpg,IU
IU/00000039.jpg,IU
IU/00000040.jpg,IU
IU/00000041.jpg,IU
IU/00000042.jpg,IU
IU/00000043.jpg,IU
IU/00000044.jpg,IU
IU/00000046.jpg,IU
IU/00000045.jpg,IU
IU/00000047.jpg,IU
IU/00000048.jpg,IU
IU/00000051.jpg,IU
IU/00000053.jpg,IU
IU/00000052.jpg,IU
IU/00000050.jpg,IU
IU/00000055.jpg,IU
IU/00000054.jpg,IU
IU/00000057.jpg,IU
IU/00000056.jpg,IU
IU/00000058.jpg,IU
IU/00000061.jpg,IU
IU/00000060.jpg,IU
IU/00000063.jpg,IU
IU/00000062.jpg,IU
IU/00000064.jpg,IU
IU/00000065.jpg,IU
IU/00000068.jpg,IU
IU/00000070.jpg,IU
IU/00000071.jpg,IU
IU/00000072.jpg,IU
IU/00000073.jpg,IU
IU/00000075.jpg,IU
IU/00000076.jpg,IU
IU/00000078.jpg,IU
IU/00000079.jpg,IU
IU/00000080.jpg,IU
IU/00000083.jpg,IU
IU/00000082.jpg,IU
IU/00000081.jpg,IU
IU/00000084.jpg,IU
IU/00000085.jpg,IU
IU/00000091.jpg,IU
IU/00000088.jpg,IU
IU/00000086.jpg,IU
IU/00000087.jpg,IU
IU/00000089.jpg,IU
IU/00000090.jpg,IU
IU/00000093.jpg,IU
IU/00000095.jpg,IU
IU/00000094.jpg,IU
IU/00000097.jpg,IU
IU/00000100.jpg,IU
IU/00000101.jpg,IU
IU/00000102.jpg,IU
IU/00000103.jpg,IU
IU/00000104.jpg,IU
IU/00000105.jpg,IU
IU/00000106.jpg,IU
IU/00000108.jpg,IU
IU/00000107.jpg,IU
IU/00000109.jpg,IU
IU/00000110.jpg,IU
IU/00000112.jpg,IU
IU/00000111.jpg,IU
IU/00000113.jpg,IU
IU/00000115.jpg,IU
IU/00000114.jpg,IU
IU/00000117.jpg,IU
IU/00000116.jpg,IU
IU/00000118.jpg,IU
IU/00000119.jpg,IU
IU/00000120.jpg,IU
IU/00000121.jpg,IU
IU/00000122.jpg,IU
IU/00000123.jpg,IU
IU/00000124.jpg,IU
IU/00000125.jpg,IU
IU/00000127.jpg,IU
IU/00000128.jpg,IU
IU/00000129.jpg,IU
IU/00000130.jpg,IU
IU/00000131.jpg,IU
IU/00000135.jpg,IU
IU/00000133.jpg,IU
IU/00000134.jpg,IU
IU/00000136.jpg,IU
IU/00000139.jpg,IU
IU/00000140.jpg,IU
IU/00000142.jpg,IU
IU/00000141.jpg,IU
IU/00000143.jpg,IU
IU/00000144.jpg,IU
IU/00000147.jpg,IU
IU/00000146.jpg,IU
IU/00000148.jpg,IU
IU/00000150.jpg,IU
IU/00000149.jpg,IU
IU/00000152.jpg,IU
IU/00000151.jpg,IU
IU/00000153.jpg,IU
IU/00000154.jpg,IU
IU/00000155.jpg,IU
IU/00000157.jpg,IU
IU/00000158.jpg,IU
IU/00000159.jpg,IU
IU/00000160.jpg,IU
IU/00000163.jpg,IU
IU/00000162.jpg,IU
IU/00000161.jpg,IU
IU/00000164.jpg,IU
IU/00000165.jpg,IU
IU/00000166.jpg,IU
IU/00000167.jpg,IU
IU/00000168.jpg,IU
IU/00000171.jpg,IU
IU/00000173.jpg,IU
IU/00000174.jpg,IU
IU/00000172.jpg,IU
IU/00000170.jpg,IU
IU/00000175.jpg,IU
IU/00000178.jpg,IU
IU/00000177.jpg,IU
IU/00000179.jpg,IU
IU/00000180.jpg,IU
IU/00000183.jpg,IU
IU/00000182.jpg,IU
IU/00000185.jpg,IU
IU/00000181.jpg,IU
IU/00000187.jpg,IU
IU/00000186.jpg,IU
IU/00000189.jpg,IU
IU/00000188.jpg,IU
IU/00000190.jpg,IU
IU/00000192.jpg,IU
IU/00000193.jpg,IU
IU/00000191.jpg,IU
IU/00000194.jpg,IU
IU/00000195.jpg,IU
IU/00000196.jpg,IU
IU/00000197.jpg,IU
IU/00000199.jpg,IU
IU/00000069.jpg,IU
IU/00000092.jpg,IU
IU/00000138.jpg,IU
IU/00000176.jpg,IU
BongsunShin/00000001.jpg,BongsunShin
BongsunShin/00000013.jpg,BongsunShin
BongsunShin/00000060.jpg,BongsunShin
BongsunShin/00000077.jpg,BongsunShin
BongsunShin/00000104.jpg,BongsunShin
BongsunShin/00000124.jpg,BongsunShin
BongsunShin/00000091.jpg,BongsunShin
BongsunShin/00000047.jpg,BongsunShin
BongsunShin/00000121.jpg,BongsunShin
BongsunShin/00000030.jpg,BongsunShin
BongsunShin/00000000.jpg,BongsunShin
BongsunShin/00000032.jpg,BongsunShin
BongsunShin/00000004.jpg,BongsunShin
BongsunShin/00000125.jpg,BongsunShin
BongsunShin/00000062.jpg,BongsunShin
BongsunShin/00000048.jpg,BongsunShin
BongsunShin/00000107.jpg,BongsunShin
BongsunShin/00000076.jpg,BongsunShin
BongsunShin/00000123.jpg,BongsunShin
BongsunShin/00000092.jpg,BongsunShin
BongsunShin/00000018.jpg,BongsunShin
BongsunShin/00000033.jpg,BongsunShin
BongsunShin/00000110.jpg,BongsunShin
BongsunShin/00000093.jpg,BongsunShin
BongsunShin/00000006.jpg,BongsunShin
BongsunShin/00000063.jpg,BongsunShin
BongsunShin/00000078.jpg,BongsunShin
BongsunShin/00000127.jpg,BongsunShin
BongsunShin/00000046.jpg,BongsunShin
BongsunShin/00000122.jpg,BongsunShin
BongsunShin/00000017.jpg,BongsunShin
BongsunShin/00000094.jpg,BongsunShin
BongsunShin/00000108.jpg,BongsunShin
BongsunShin/00000005.jpg,BongsunShin
BongsunShin/00000035.jpg,BongsunShin
BongsunShin/00000126.jpg,BongsunShin
BongsunShin/00000064.jpg,BongsunShin
BongsunShin/00000081.jpg,BongsunShin
BongsunShin/00000049.jpg,BongsunShin
BongsunShin/00000019.jpg,BongsunShin
BongsunShin/00000140.jpg,BongsunShin
BongsunShin/00000095.jpg,BongsunShin
BongsunShin/00000111.jpg,BongsunShin
BongsunShin/00000003.jpg,BongsunShin
BongsunShin/00000129.jpg,BongsunShin
BongsunShin/00000080.jpg,BongsunShin
BongsunShin/00000034.jpg,BongsunShin
BongsunShin/00000065.jpg,BongsunShin
BongsunShin/00000050.jpg,BongsunShin
BongsunShin/00000141.jpg,BongsunShin
BongsunShin/00000020.jpg,BongsunShin
BongsunShin/00000109.jpg,BongsunShin
BongsunShin/00000096.jpg,BongsunShin
BongsunShin/00000007.jpg,BongsunShin
BongsunShin/00000131.jpg,BongsunShin
BongsunShin/00000036.jpg,BongsunShin
BongsunShin/00000079.jpg,BongsunShin
BongsunShin/00000021.jpg,BongsunShin
BongsunShin/00000066.jpg,BongsunShin
BongsunShin/00000142.jpg,BongsunShin
BongsunShin/00000051.jpg,BongsunShin
BongsunShin/00000097.jpg,BongsunShin
BongsunShin/00000112.jpg,BongsunShin
BongsunShin/00000128.jpg,BongsunShin
BongsunShin/00000037.jpg,BongsunShin
BongsunShin/00000084.jpg,BongsunShin
BongsunShin/00000002.jpg,BongsunShin
BongsunShin/00000022.jpg,BongsunShin
BongsunShin/00000067.jpg,BongsunShin
BongsunShin/00000052.jpg,BongsunShin
BongsunShin/00000143.jpg,BongsunShin
BongsunShin/00000098.jpg,BongsunShin
BongsunShin/00000130.jpg,BongsunShin
BongsunShin/00000113.jpg,BongsunShin
BongsunShin/00000068.jpg,BongsunShin
BongsunShin/00000023.jpg,BongsunShin
BongsunShin/00000008.jpg,BongsunShin
BongsunShin/00000082.jpg,BongsunShin
BongsunShin/00000039.jpg,BongsunShin
BongsunShin/00000144.jpg,BongsunShin
BongsunShin/00000053.jpg,BongsunShin
BongsunShin/00000099.jpg,BongsunShin
BongsunShin/00000132.jpg,BongsunShin
BongsunShin/00000069.jpg,BongsunShin
BongsunShin/00000114.jpg,BongsunShin
BongsunShin/00000010.jpg,BongsunShin
BongsunShin/00000024.jpg,BongsunShin
BongsunShin/00000038.jpg,BongsunShin
BongsunShin/00000083.jpg,BongsunShin
BongsunShin/00000056.jpg,BongsunShin
BongsunShin/00000145.jpg,BongsunShin
BongsunShin/00000100.jpg,BongsunShin
BongsunShin/00000133.jpg,BongsunShin
BongsunShin/00000012.jpg,BongsunShin
BongsunShin/00000115.jpg,BongsunShin
BongsunShin/00000071.jpg,BongsunShin
BongsunShin/00000040.jpg,BongsunShin
BongsunShin/00000025.jpg,BongsunShin
BongsunShin/00000146.jpg,BongsunShin
BongsunShin/00000085.jpg,BongsunShin
BongsunShin/00000054.jpg,BongsunShin
BongsunShin/00000101.jpg,BongsunShin
BongsunShin/00000134.jpg,BongsunShin
BongsunShin/00000009.jpg,BongsunShin
BongsunShin/00000072.jpg,BongsunShin
BongsunShin/00000116.jpg,BongsunShin
BongsunShin/00000041.jpg,BongsunShin
BongsunShin/00000027.jpg,BongsunShin
BongsunShin/00000147.jpg,BongsunShin
BongsunShin/00000055.jpg,BongsunShin
BongsunShin/00000086.jpg,BongsunShin
BongsunShin/00000102.jpg,BongsunShin
BongsunShin/00000135.jpg,BongsunShin
BongsunShin/00000070.jpg,BongsunShin
BongsunShin/00000011.jpg,BongsunShin
BongsunShin/00000042.jpg,BongsunShin
BongsunShin/00000148.jpg,BongsunShin
BongsunShin/00000117.jpg,BongsunShin
BongsunShin/00000026.jpg,BongsunShin
BongsunShin/00000057.jpg,BongsunShin
BongsunShin/00000087.jpg,BongsunShin
BongsunShin/00000103.jpg,BongsunShin
BongsunShin/00000137.jpg,BongsunShin
BongsunShin/00000015.jpg,BongsunShin
BongsunShin/00000073.jpg,BongsunShin
BongsunShin/00000043.jpg,BongsunShin
BongsunShin/00000151.jpg,BongsunShin
BongsunShin/00000118.jpg,BongsunShin
BongsunShin/00000029.jpg,BongsunShin
BongsunShin/00000058.jpg,BongsunShin
BongsunShin/00000105.jpg,BongsunShin
BongsunShin/00000090.jpg,BongsunShin
BongsunShin/00000136.jpg,BongsunShin
BongsunShin/00000014.jpg,BongsunShin
BongsunShin/00000044.jpg,BongsunShin
BongsunShin/00000150.jpg,BongsunShin
BongsunShin/00000074.jpg,BongsunShin
BongsunShin/00000119.jpg,BongsunShin
BongsunShin/00000059.jpg,BongsunShin
BongsunShin/00000028.jpg,BongsunShin
BongsunShin/00000106.jpg,BongsunShin
BongsunShin/00000138.jpg,BongsunShin
BongsunShin/00000088.jpg,BongsunShin
BongsunShin/00000045.jpg,BongsunShin
BongsunShin/00000016.jpg,BongsunShin
BongsunShin/00000075.jpg,BongsunShin
BongsunShin/00000152.jpg,BongsunShin
BongsunShin/00000061.jpg,BongsunShin
BongsunShin/00000031.jpg,BongsunShin
BongsunShin/00000154.jpg,BongsunShin
BongsunShin/00000089.jpg,BongsunShin
BongsunShin/00000139.jpg,BongsunShin
BongsunShin/00000184.jpg,BongsunShin
BongsunShin/00000170.jpg,BongsunShin
BongsunShin/00000149.jpg,BongsunShin
BongsunShin/00000156.jpg,BongsunShin
BongsunShin/00000188.jpg,BongsunShin
BongsunShin/00000172.jpg,BongsunShin
BongsunShin/00000155.jpg,BongsunShin
BongsunShin/00000157.jpg,BongsunShin
BongsunShin/00000187.jpg,BongsunShin
BongsunShin/00000171.jpg,BongsunShin
BongsunShin/00000153.jpg,BongsunShin
BongsunShin/00000159.jpg,BongsunShin
BongsunShin/00000186.jpg,BongsunShin
BongsunShin/00000174.jpg,BongsunShin
BongsunShin/00000158.jpg,BongsunShin
BongsunShin/00000176.jpg,BongsunShin
BongsunShin/00000190.jpg,BongsunShin
BongsunShin/00000173.jpg,BongsunShin
BongsunShin/00000191.jpg,BongsunShin
BongsunShin/00000160.jpg,BongsunShin
BongsunShin/00000189.jpg,BongsunShin
BongsunShin/00000175.jpg,BongsunShin
BongsunShin/00000161.jpg,BongsunShin
BongsunShin/00000163.jpg,BongsunShin
BongsunShin/00000193.jpg,BongsunShin
BongsunShin/00000177.jpg,BongsunShin
BongsunShin/00000162.jpg,BongsunShin
BongsunShin/00000192.jpg,BongsunShin
BongsunShin/00000195.jpg,BongsunShin
BongsunShin/00000178.jpg,BongsunShin
BongsunShin/00000164.jpg,BongsunShin
BongsunShin/00000194.jpg,BongsunShin
BongsunShin/00000182.jpg,BongsunShin
BongsunShin/00000167.jpg,BongsunShin
BongsunShin/00000196.jpg,BongsunShin
BongsunShin/00000181.jpg,BongsunShin
BongsunShin/00000166.jpg,BongsunShin
BongsunShin/00000199.jpg,BongsunShin
BongsunShin/00000180.jpg,BongsunShin
BongsunShin/00000168.jpg,BongsunShin
BongsunShin/00000179.jpg,BongsunShin
BongsunShin/00000165.jpg,BongsunShin
BongsunShin/00000197.jpg,BongsunShin
BongsunShin/00000183.jpg,BongsunShin
BongsunShin/00000169.jpg,BongsunShin
BongsunShin/00000198.jpg,BongsunShin
